tool,calls
Bash,643
Read,172
Edit,84
Write,37
TaskUpdate,22
ToolSearch,17
TaskCreate,14
mcp__github__merge_pull_request,13
mcp__Claude_Docs__create,13
SendUserFile,12
mcp__github__create_pull_request,11
mcp__Claude_Docs__update,11
Grep,9
AskUserQuestion,6
mcp__Claude_Docs__guide,5
WebSearch,4
Artifact,2
mcp__github__list_issues,1
mcp__github__list_pull_requests,1
mcp__github__get_file_contents,1
mcp__Claude_Code_Remote__read_documentation,1
mcp__github__pull_request_read,1
Glob,1
Agent,1
Skill,1
mcp__Claude_Docs__batch,1
mcp__Claude_Docs__read,1
WebFetch,1
mcp__github__actions_list,1
